source,target,value
Pod Save America,Jon Favreau,100
Pod Save America,Tommy Vietor,10
Pod Save America,Jon Lovett,1
Pod Save America,Dan Pfeiffer,1
Dan Pfeiffer,Pod Save America,1
The Rachel Maddow Show,MSNBC,1
The Rachel Maddow Show,Rachel Maddow,1
Jon Favreau,Rachel Maddow,1
Hasan Piker,Pod Save America,1
Pod Save America,Melissa Murray,1
Pod Save America,Leah Litman,1
Pod Save America,Kate Shaw,1
Pod Save America,Michael Martinez,1
Pod Save America,Hakeem Jeffries,1
Pod Save America,Amy Klobuchar,1
Pod Save America,Pramila Jayapal,1
Pod Save America,Tara McGowan,1
Pod Save America,John Legend,1
Pod Save America,Sherrod Brown,1
Pod Save America,Hillary Clinton,1
Pod Save America,Katie Couric,1
Pod Save America,Katie Porter,1
Pod Save America,Chris Hayes,1
Pod Save America,Zooey Zephyr,1
Pod Save America,Addisu Demissie,1
Pod Save America,Raphael Warnock,1
Pod Save America,Katie Hobbs,1
Pod Save America,Faiz Shakir,
Pod Save America,Chris Christie,
Pod Save America,John Hickenlooper,
Pod Save America,Colin Allred,
Pod Save America,J.D. Scholten,
Pod Save America,Alexandria Ocasio-Cortez,
Pod Save America,Elizabeth Warren,
Pod Save America,Yasmine Hamady,
Pod Save America,Ruben Gallego,
Pod Save America,Ronald Brownstein,
Pod Save America,Maura Healey,
Pod Save America,Mandela Barnes,
Pod Save America,Alex Wagner,
Pod Save America,Mehdi Hasan,
Pod Save America,Tim Walz,
Pod Save America,Heather Boushey,
Pod Save America,Lindsay Owens,
Pod Save America,Jay Inslee,
Pod Save America,Anat Shenker-Osorio,
Pod Save America,Julián Castro,
Pod Save America,Jamie Raskin,
Pod Save America,Mark Leibovich,
Pod Save America,John F. Kelly,
Pod Save America,Annie Karni,
Pod Save America,Bee Nguyen,
Pod Save America,Roy Wood Jr.,
Pod Save America,Kirsten Gillibrand,
Pod Save America,Jake Tapper,
Pod Save America,Andrew Yang,
Pod Save America,Michael Bennet,
Pod Save America,Alex Garland,
Pod Save America,Cody Keenan,
Pod Save America,Bernie Sanders,
Pod Save America,Jen Psaki,
Pod Save America,Liz Cheney,
Pod Save America,Mallory McMorrow,
Pod Save America,Chenjerai Kumanyika,
Pod Save America,Shaniqua McClendon,
Pod Save America,Cory Booker,
Pod Save America,Jennifer Palmieri,
Pod Save America,Mike Birbiglia,
Pod Save America,Amy Walter,
Pod Save America,Vivek Ramaswamy,
Pod Save America,Marianne Williamson,
Pod Save America,Joe Biden,
Pod Save America,Heather McGhee,
Pod Save America,Mike Isaac,
Pod Save America,Brian Wallach,
Pod Save America,Steve Bullock,
Pod Save America,Adam Kinzinger,
Pod Save America,Zoë Schiffer,
Pod Save America,John Fetterman,
Pod Save America,José Andrés,
Pod Save America,Symone Sanders,
Pod Save America,Chasten Buttigieg,
Pod Save America,Stacey Abrams,
Pod Save America,Pete Buttigieg,
Pod Save America,Norman Eisen,
Pod Save America,Tim Miller,
Pod Save America,Priyanka Aribindi,
Pod Save America,Brian Beutler,
Pod Save America,Annie Lowrey,
Pod Save America,Ben Wikler,
Pod Save America,Dara Lind,
Pod Save America,Mazie Hirono,
Pod Save America,Sarah Longwell,
Pod Save America,Bob Bauer,
Pod Save America,Ronald A. Klain,
Pod Save America,Steve Kornacki,
Pod Save America,Hank Green,
Pod Save America,Chris Murphy,
Pod Save America,Lynn Vavreck,
Pod Save America,Al Gore,
Pod Save America,Susan Rice,
Pod Save America,Eric Swalwell,
Pod Save America,Cory Booker,
Pod Save America,Jennifer Palmieri,
Pod Save America,Laphonza Butler,
Pod Save America,Debbie Mucarsel Powell,
Pod Save America,Sarah McBride,
Pod Save America,Joyce Craig,
Pod Save America,Andrea Bernstein,
Pod Save America,Alycia Pascual-Peña,
Pod Save America,Brian Schatz,
Pod Save America,Dean Phillips,
Pod Save America,Daniel S. Goldman,
Pod Save America,Elissa Slotkin,
Pod Save America,Rohit Khanna,
Pod Save America,Maggie Haberman,
Pod Save America,Jeff Horwitz,
Pod Save America,Barbara Lee,
Pod Save America,Mondaire Jones,
Pod Save America,Adam Schiff,
Pod Save America,Simon Rosenberg,
Pod Save America,Mitchell Joseph Landrieu,
Pod Save America,Arthur Brooks,
Pod Save America,Dana Bash,
Pod Save America,Priyanka Aribindi,
Pod Save America,Mark Kelly,
Pod Save America,Terrance Woodbury,
Pod Save America,Karen Bass,
Pod Save America,Max Fisher,
Pod Save America,Malcolm Kenyatta,
Pod Save America,Nish Kumar,
Pod Save America,Kamala Harris,
Pod Save America,Carlos Odio,
Pod Save America,J.B. Pritzker,
Pod Save America,Lina Khan,
Pod Save America,Kal Penn,
Pod Save America,Ruy Teixeira,
Pod Save America,Sarah McBride,
Pod Save America,Brian Tyler Cohen,
Pod Save America,Barack Obama,
Pod Save America,George Stephanopoulos,
Pod Save America,Debbie Mucarsel Powell,
Pod Save America,Tammy Baldwin,
Pod Save America,Joyce Craig,
Pod Save America,Sandra Abrevaya,
Pod Save America,Cassidy Hutchinson,
Pod Save America,Cornell Belcher,
Pod Save America,Jon Stewart,
Pod Save America,David Plouffe,
Pod Save America,Karine Jean-Pierre,
Pod Save America,Tim Ryan,
Pod Save America,Celinda Lake,
Pod Save America,Nsé Ufot,
Pod Save America,Pat Ryan,
Pod Save America,Gretchen Whitmer,
Pod Save America,Douglas Emhoff,
Pod Save America,Jennifer Carroll Foy,
Pod Save America,Halle Kiefer,
Pod Save America,Andrew Weissmann,
Pod Save America,Gavin Newsom,
Pod Save America,Beto O'Rourke,
Pod Save America,Erin Ryan,
Pod Save America,Rachel Maddow,
Pod Save America,Julia Louis-Dreyfus,
Pod Save America,Amanda Litman,
Pod Save America,Buffy Jo Christina Wicks,
Pod Save America,Laurence Tribe,
Pod Save America,David Binder,
Pod Save America,Anderson Clayton,
Pod Save America,Michael Regan,
Pod Save America,Letitia James,
Pod Save America,Lis Smith,
Pod Save America,Jacky Rosen,
Pod Save America,Kristen Soltis Anderson,
Pod Save America,David Axelrod,
Pod Save America,Josie Duffy Rice,
Pod Save America,Tre'vell Anderson,
Pod Save America,Rebecca Katz,
Pod Save America,Perry Bacon,
Pod Save America,Jane Coaston,
Pod Save America,Sam Sanders,
Pod Save America,Alyssa Mastromonaco,
Pod Save America,Errin Haines,
Pod Save America,Dave Weigel,
Pod Save America,Dan Osborn,
Pod Save America,Cristina Tzintzun Ramirez,
Zeteo,Mehdi Hasan,
Why Is This Happening?,Chris Hayes,
Why Is This Happening?,Felix Salmon,
Why Is This Happening?,Dave Weigel,
Why Is This Happening?,Alexandra Brodsky,
Why Is This Happening?,Alec MacGillis,
Why Is This Happening?,Heather McGhee,
Why Is This Happening?,Dorothy Brown,
Why Is This Happening?,Ben Smith,
Why Is This Happening?,Daniel Lavery,
Why Is This Happening?,Kashmir Hill,
Why Is This Happening?,Symone Sanders,
Why Is This Happening?,Jamie Raskin,
Why Is This Happening?,Jonathan Cohn,
Why Is This Happening?,Robert Samuels,
Why Is This Happening?,Dahlia Lithwick,
Why Is This Happening?,Tim Wu,
Why Is This Happening?,Michael Lewis,
Why Is This Happening?,Alex Wagner,
Why Is This Happening?,Natalie Wynn,
Why Is This Happening?,Jay Inslee,
Why Is This Happening?,Nikole Hannah-Jones,
Why Is This Happening?,Jonathan M. Katz,
Why Is This Happening?,Jacob Ward,
Why Is This Happening?,Sherrilyn Ifill,
Why Is This Happening?,Olga Khazan,
Why Is This Happening?,Thomas Zimmer,
Why Is This Happening?,Corey Robin,
Why Is This Happening?,Mariame Kaba,
Why Is This Happening?,Thomas Fisher,
Why Is This Happening?,Liliana Segura,
Why Is This Happening?,Ted Cruz,
Why Is This Happening?,Eric Holder,
Why Is This Happening?,Ezra Klein,
Why Is This Happening?,Rachel Maddow,
Why Is This Happening?,Jay Caspian Kang,
Why Is This Happening?,Rian Thum,
Why Is This Happening?,Dorian Warren,
Why Is This Happening?,Josie Duffy Rice,
Why Is This Happening?,Sasha Issenberg,
Why Is This Happening?,Paola Ramos,
Why Is This Happening?,Patrick Radden Keefe,
Why Is This Happening?,Kate Shaw,
Why Is This Happening?,Josh Dzieza,
Why Is This Happening?,Maya Sen,
Why Is This Happening?,Herman Pontzer,
Why Is This Happening?,Brandy Zadrozny,
Why Is This Happening?,Carl Hart,
Why Is This Happening?,Chris Murphy,
Why Is This Happening?,Naomi Klein,
Why Is This Happening?,Rebecca Seidel,
Why Is This Happening?,Jiaying Zhao,
Why Is This Happening?,Marcelo Gleiser,
Strict Scrutiny,Melissa Murray,
Strict Scrutiny,Jon Favreau,
Strict Scrutiny,Leah Litman,
Strict Scrutiny,Kate Shaw,
Strict Scrutiny,Dan Pfeiffer,
Strict Scrutiny,Rebecca Nagle,
Strict Scrutiny,Chris Hayes,
Strict Scrutiny,Melody Rowell,
Strict Scrutiny,Amanda Hollis-Brusky,
Strict Scrutiny,Elie Mystal,
Strict Scrutiny,Alise Morales,
Strict Scrutiny,Sheldon Whitehouse,
Strict Scrutiny,Shefali Luthra,
Strict Scrutiny,Danielle Citron,
Strict Scrutiny,Daniel Nichanian,
Strict Scrutiny,Shaniqua McClendon,
Strict Scrutiny,Dahlia Lithwick,
Strict Scrutiny,Michele Goodwin,
Strict Scrutiny,E. Jean Carroll,
Strict Scrutiny,Tomiko Brown-Nagin,
Strict Scrutiny,Jessica Valenti,
Strict Scrutiny,Rebecca Traister,
Strict Scrutiny,Richard L. Hasen,
Strict Scrutiny,Oona Hathaway,
Strict Scrutiny,Sherrilyn Ifill,
Strict Scrutiny,Julie Rikelman,
Strict Scrutiny,Joel Anderson,
Strict Scrutiny,Nikolas Bowie,
Strict Scrutiny,Ari Berman ,
Strict Scrutiny,Deborah Tuerkheimer,
Strict Scrutiny,Irin Carmon,
Strict Scrutiny,Andrea Bernstein,
Strict Scrutiny,Sasha Issenberg,
Strict Scrutiny,Sam Sankar,
Strict Scrutiny,Rohit Khanna,
Strict Scrutiny,Mondaire Jones,
Strict Scrutiny,Mazie Hirono,
Strict Scrutiny,Mary Ziegler,
Strict Scrutiny,Jeannie Suk Gersen,
Strict Scrutiny,Janai Nelson,
Strict Scrutiny,Jodi Kantor,
Strict Scrutiny,Errin Haines,
Strict Scrutiny,Alexandra Brodsky,
Strict Scrutiny,Joanna Schwartz,
Strict Scrutiny,Jon Lovett,
Strict Scrutiny,Joshua Prager,
Strict Scrutiny,Jonathan Van Ness,
Strict Scrutiny,Alise Morales,
Strict Scrutiny,Amanda Hollis-Brusky,
Strict Scrutiny,Joan Biskupic,
Strict Scrutiny,Douglas Emhoff,
Strict Scrutiny,Eric Holder,
Strict Scrutiny,Roberta Kaplan,
Strict Scrutiny,Carolyn Shapiro,
Strict Scrutiny,Dylan Penningroth,
Strict Scrutiny,Jill Karofsky,
Strict Scrutiny,Alicia Bannon,
Strict Scrutiny,Dawn Porter,
Strict Scrutiny,Brian Fallon,
Strict Scrutiny,Norman Eisen,
Strict Scrutiny,Wilfred Codrington,
Strict Scrutiny,Fatima Goss Graves,
Strict Scrutiny,Michael Waldman,
Strict Scrutiny,Stephen Vladeck,
Strict Scrutiny,Andrew Weissmann,
Strict Scrutiny,Jamelle Bouie,
Strict Scrutiny,Justin Elliott,
Strict Scrutiny,Amanda Duberman,
Strict Scrutiny,Micah Schwartzman,
Strict Scrutiny,Milly Tamarez,
Strict Scrutiny,Chris Geidner,
Strict Scrutiny,Tommy Vietor,
Fast Politics,Molly Jong-Fast,
Fast Politics,Jeet Heer,
Fast Politics,Ramin Setoodeh,
Fast Politics,Elle Reeve,
Fast Politics,Joshua Green,
Fast Politics,Michael Isikoff,
Fast Politics,David Leonhardt,
Fast Politics,Justin Wolfers,
Fast Politics,Daniel Nichanian,
Fast Politics,Jeff Goodell,
Fast Politics,Jordan Klepper,
Fast Politics,John Heilemann,
Fast Politics,Dahlia Lithwick,
Fast Politics,Michael S. Roth,
Fast Politics,Michael Gerhardt,
Fast Politics,Ryan Mac,
Fast Politics,Ronald Brownstein,
Fast Politics,Mehdi Hasan,
Fast Politics,Peter S. Goodman,
Fast Politics,Kate Conger,
Fast Politics,Jonathan Alter,
Fast Politics,Jared Schutz Polis,
Fast Politics,Brad Meltzer,
Fast Politics,Jared Huffman,
Fast Politics,David Wallace Wells,
Fast Politics,Timothy Snyder,
Fast Politics,Brian Klaas,
Fast Politics,Ryan Grim,
Fast Politics,Janelle Bynum,
Fast Politics,Maya Wiley,
Fast Politics,Jeff Jarvis,
Fast Politics,Margaret Sullivan,
Fast Politics,Dave Weigel,
Fast Politics,Lawrence O'Donnell,
Fast Politics,Felix Salmon,
Fast Politics,John Leguizamo,
Fast Politics,Michael Tomasky,
Fast Politics,Steven Levitsky,
Fast Politics,Charlie Sykes,
Fast Politics,Jay Willis,
Fast Politics,Jessica Mackler,
Fast Politics,Ian Dunt,
Fast Politics,Rick Wilson,
Fast Politics,Ben Smith,
Fast Politics,Pete Buttigieg,
Fast Politics,Mike Hixenbaugh,
Fast Politics,Norman Eisen,
Fast Politics,Gloria Johnson,
Fast Politics,Jason Stanley,
Fast Politics,Jeet Heer,
Fast Politics,Mary Trump,
Fast Politics,Tammy Baldwin,
Fast Politics,John Burn-Murdoch,
Fast Politics,Norm Ornstein,
Fast Politics,David Rubenstein,
Fast Politics,Susanne Craig,
Fast Politics,Parker Molloy,
Fast Politics,Steve Inskeep,
Fast Politics,Anne Applebaum,
Fast Politics,Scott Shapiro,
Fast Politics,John Ganz,
Fast Politics,Paola Ramos,
Fast Politics,Mondaire Jones,
Fast Politics,David Roberts,
Fast Politics,Caroline Kitchener,
Fast Politics,Greg Sargent,
Fast Politics,Josh Marshall,
Fast Politics,Jonathan Allen,
Fast Politics,Simon Rosenberg,
Fast Politics,Tim Miller,
Fast Politics,Brian Beutler,
Fast Politics,Adam Jentleson,
Fast Politics,Sarah Longwell,
Fast Politics,Brendan Boyle,
Fast Politics,Douglas Rushkoff,
Fast Politics,Daniel Klaidman,
Fast Politics,Alex Thompson,
Fast Politics,David Sirota,
Fast Politics,Lester Lawrence Lessig III,
Fast Politics,Karine Jean-Pierre,
Fast Politics,Dan Osborn,
Fast Politics,Douglas Emhoff,
Fast Politics,Andrew Weissmann,
Fast Politics,Ian Bremmer,
Fast Politics,Mark Cuban,
Fast Politics,Jim Himes,
Fast Politics,Jim Messina,
Fast Politics,Bill Adair,
Fast Politics,Rick Perlstein,
Fast Politics,Dr. Julian Zelizer,
Fast Politics,Al Franken,
Fast Politics,Summer Lee,
Fast Politics,Garrett Graff,
Fast Politics,Robert Reich,
Fast Politics,Oliver Darcy,
Fast Politics,J.B. Pritzker,
Fast Politics,Amanda Litman,
Fast Politics,Harry Litman,
Fast Politics,Stuart Stevens,
Fast Politics,Brian Tyler Cohen,
Fast Politics,Chuck Schumer,
Fast Politics,Maxwell Frost,
Fast Politics,Dr. Nii-Quartelai Quartey,
Fast Politics,Daniel Squadron,
Fast Politics,Theda Skocpol,
Fast Politics,Angelo Carusone,
Fast Politics,Greg Epstein,
Fast Politics,Dave Troy,
Fast Politics,Tom Steyer,
Fast Politics,Whitney Fox,
Fast Politics,Gary Peters,
Fast Politics,David Mandel,
Fast Politics,Amanda Becker,
Fast Politics,Melissa Walker,
Fast Politics,Raúl Torrez,
Fast Politics,Mallory McMorrow,
Fast Politics,Barbara Boxer,
Fast Politics,Geraldo Cadava,
Fast Politics,Steven Mazie,
Fast Politics,Anna Merlan,
Fast Politics,Anupreeta Das,
Fast Politics,Emily Atkin,
Fast Politics,David Sirota,
Fast Politics,Bradley Tusk,
Fast Politics,Alex Thompson,
Fast Politics,John Della Volpe,
Fast Politics,Laura Gillen,
Fast Politics,Robin Marty,
Fast Politics,Matt Tyrnauer,
Fast Politics,Jason Selvig,
Fast Politics,Neera Tanden,
Fast Politics,Randi Weingarten,
Fast Politics,Maxwell Frost,
Fast Politics,Chuck Schumer,
Fast Politics,Anna Eskamani,
The Weekly Show,Jon Stewart,
The Weekly Show,Heather McGhee,
The Weekly Show,Claudia Sahm,
The Weekly Show,Maria Ressa,
The Weekly Show,Jon Lovett,
The Weekly Show,Geoffrey Berman,
The Weekly Show,Thomas Hoenig,
The Weekly Show,Kris Acimovic,
The Weekly Show,Matthew Connelly,
The Weekly Show,Mona Charen,
The Weekly Show,Tocarra Mallard,
The Weekly Show,Gary Gensler,
The Weekly Show,Brinda Adhikari,
The Weekly Show,Steve H. Hanke,
The Weekly Show,Alex Stamos,
The Weekly Show,Jessica Valenti,
The Weekly Show,Hillary Clinton,
The Weekly Show,David Dayen,
The Weekly Show,Susan Helvenston,
The Weekly Show,Jon Tester,
The Weekly Show,Jerry Moran,
The Weekly Show,Amy Klobuchar,
The Weekly Show,Julia Ioffe,
The Weekly Show,Katie Porter,
The Weekly Show,London Breed,
The Weekly Show,Heather Cox Richardson,
The Weekly Show,Stephanie Kelton,
The Weekly Show,Jessica Chen Weiss,
The Weekly Show,Anne Applebaum,
The Weekly Show,Elissa Slotkin,
The Weekly Show,Alexa Loftus,
The Weekly Show,Trey Sherman,
The Weekly Show,Leah Litman,
The Weekly Show,Kate Shaw,
The Weekly Show,Kasaun Wilson,
The Weekly Show,Isabel Wilkerson,
The Weekly Show,Dr. Miguel Cardona,
The Weekly Show,Jamie Dimon,
The Weekly Show,Rob Christensen,
The Weekly Show,John Glaser,
The Weekly Show,Dawn Staley,
The Weekly Show,Dr. Phillip Atiba Goff,
The Weekly Show,Celine Halioua,
The Weekly Show,Ev Williams,
The Weekly Show,Henrik Blix,
The Weekly Show,Steve Kerr,
The Weekly Show,Margaret Sullivan,
The Weekly Show,Sheila Bair,
The Weekly Show,Tommy Vietor,
The Weekly Show,Jay Jurden,
The Weekly Show,Sadiq Khan,
The Weekly Show,Linda Bilmes,
The Weekly Show,Judd Apatow,
The Weekly Show,Deniz Çam,
The Weekly Show,Mark Cuban,
The Weekly Show,Dr. Condoleezza Rice,
The Weekly Show,Ezra Klein,
The Weekly Show,Gabriel Gatehouse,
The Weekly Show,RonNell Andersen Jones,
The Weekly Show,Jon Favreau,
The Weekly Show,Melissa Murray,
The Weekly Show,Safi Rauf,
The Weekly Show,Ian Hislop,
The Weekly Show,Robby Slowik,
Know Your Enemy,Sam Adler-Bell,
Know Your Enemy,Matthew Sitman,
Know Your Enemy,Jacob Heilbrunn,
Know Your Enemy,Mari Cohen,
Know Your Enemy,Shuja Haider,
Know Your Enemy,Ross Douthat,
Know Your Enemy,Gillian Branstetter,
Know Your Enemy,Kate Aronoff,
Know Your Enemy,Adrian Daub,
Know Your Enemy,B.D. McClay,
Know Your Enemy,Damon Linker,
Know Your Enemy,David Klion,
Know Your Enemy,Jeet Heer,
Know Your Enemy,Max Alvarez,
Know Your Enemy,Sarah Jones,
Know Your Enemy,Dorothy Fortenberry,
Know Your Enemy,Spencer Ackerman,
Know Your Enemy,Sarah Weinman,
Know Your Enemy,Nicole Hemmer,
Know Your Enemy,Michael Liroff,
Know Your Enemy,Peter Beinart,
Know Your Enemy,Jennifer Berkshire,
Know Your Enemy,Gabriel Winant,
Know Your Enemy,Brandy Jensen,
Know Your Enemy,Jennifer Burns,
Know Your Enemy,Nate Hochman,
Know Your Enemy,Jamelle Bouie,
Know Your Enemy,Michelle Nickerson,
Know Your Enemy,Kim Phillips-Fein,
Know Your Enemy,Eric Rauchway,
Know Your Enemy,Sarah Marshall,
Know Your Enemy,Rick Perlstein,
Know Your Enemy,Daniel Sherrell,
Know Your Enemy,Erik Baker,
Know Your Enemy,David Roth,
Know Your Enemy,Leon Neyfakh,
Know Your Enemy,John Ganz,
Know Your Enemy,Michael Kazin,
Know Your Enemy,Michael Hobbes,
Know Your Enemy,Samuel Moyn,
Know Your Enemy,Alex Press,
Know Your Enemy,Peter Shamshiri,
Know Your Enemy,Osita Nwenavu,
Know Your Enemy,Daniel Denvir,
Know Your Enemy,Rhiannon Hamam,
Know Your Enemy,Samuel Goldman,
Know Your Enemy,Moira Donegan,
Know Your Enemy,Talia Lavin,
Know Your Enemy,Sam Tanenhaus,
Know Your Enemy,Marshall Steinbaum,
Know Your Enemy,Vinson Cunningham,
Know Your Enemy,Christian Wiman,
Know Your Enemy,Suzanne Schneider,
Know Your Enemy,Hannah Zeavin,
Know Your Enemy,Chris Lehmann,
Know Your Enemy,Tara Isabella Burton,
Know Your Enemy,Beverly Gage,
Know Your Enemy,Thea Riofrancos,
Know Your Enemy,Rebecca Seidel,
All In with Chris Hayes,MSNBC,
All In with Chris Hayes,Chris Hayes,
All In with Chris Hayes,Brian Montopoli,
All In with Chris Hayes,Faiz Shakir,
All In with Chris Hayes,Jeff Sharlet,
All In with Chris Hayes,Mary McCord,
All In with Chris Hayes,Alencia Johnson,
All In with Chris Hayes,Michelle Goldberg,
All In with Chris Hayes,Alexandria Ocasio-Cortez,
All In with Chris Hayes,Elizabeth Warren,
All In with Chris Hayes,Michele Goodwin,
All In with Chris Hayes,Jessica Valenti,
All In with Chris Hayes,Alex Wagner,
All In with Chris Hayes,Ta-Nehisi Coates,
All In with Chris Hayes,Rebecca Traister,
All In with Chris Hayes,David Freedlander,
All In with Chris Hayes,Margaret Talev,
All In with Chris Hayes,Jelani Cobb,
All In with Chris Hayes,Sherrod Brown,
All In with Chris Hayes,Elaina Plott Calabro,
All In with Chris Hayes,Xavier Becerra,
All In with Chris Hayes,David Miliband,
All In with Chris Hayes,Will Oremus,
All In with Chris Hayes,Deanne Criswell,
All In with Chris Hayes,Jess McIntosh,
All In with Chris Hayes,Sherrilyn Ifill,
All In with Chris Hayes,Laphonza Butler,
All In with Chris Hayes,David Rohde,
All In with Chris Hayes,McKay Coppins,
All In with Chris Hayes,Lawrence O'Donnell,
All In with Chris Hayes,Bob Woodward,
All In with Chris Hayes,Marisa Kabas,
All In with Chris Hayes,Anthony Fauci,
All In with Chris Hayes,Jon Lovett,
All In with Chris Hayes,Lisa Rubin,
All In with Chris Hayes,Symone Sanders,
All In with Chris Hayes,Eric Lipton ,
All In with Chris Hayes,Ben Smith,
All In with Chris Hayes,Stacey Abrams,
All In with Chris Hayes,Pete Buttigieg,
All In with Chris Hayes,Mike Hixenbaugh,
All In with Chris Hayes,Ben Rhodes,
All In with Chris Hayes,Jamie Raskin,
All In with Chris Hayes,Jacob Soboroff,
All In with Chris Hayes,Neal Katyal,
All In with Chris Hayes,Masha Gessen,
All In with Chris Hayes,Ramin Setoodeh,
All In with Chris Hayes,John Kirby,
All In with Chris Hayes,Alexandria Ocasio-Cortez,
All In with Chris Hayes,Bernie Sanders,
All In with Chris Hayes,Mary McCord,
All In with Chris Hayes,Harry Litman,
All In with Chris Hayes,Michael Beschloss,
All In with Chris Hayes,Katty Kay,
All In with Chris Hayes,David Remnick,
All In with Chris Hayes,Claire McCaskill,
All In with Chris Hayes,Anne Applebaum,
All In with Chris Hayes,Fernand Amandi,
All In with Chris Hayes,Kate Shaw,
All In with Chris Hayes,Dan Pfeiffer,
All In with Chris Hayes,Ryan Devereaux,
All In with Chris Hayes,Tim Miller,
All In with Chris Hayes,Margie Omero,
All In with Chris Hayes,Philippe Reines,
All In with Chris Hayes,Sarah Longwell,
All In with Chris Hayes,Alexi McCammond,
All In with Chris Hayes,Isaac Arnsdorf,
All In with Chris Hayes,Joy Reid,
All In with Chris Hayes,Ian Sams,
All In with Chris Hayes,Michael S. Schmidt,
All In with Chris Hayes,Chris Murphy,
All In with Chris Hayes,Zaha Hassan,
All In with Chris Hayes,Bill Karins,
All In with Chris Hayes,Maria Hinojosa,
All In with Chris Hayes,Patrick Gaspard,
All In with Chris Hayes,Jena Griswold,
All In with Chris Hayes,Courtney Kube,
All In with Chris Hayes,Cory Booker,
All In with Chris Hayes,Susan Glasser,
All In with Chris Hayes,David Plouffe,
All In with Chris Hayes,George Conway,
All In with Chris Hayes,Michael Fanone,
All In with Chris Hayes,Gretchen Whitmer,
All In with Chris Hayes,Ilya Marritz,
All In with Chris Hayes,Marc Elias,
All In with Chris Hayes,Julia Marcus,
All In with Chris Hayes,Jamelle Bouie,
All In with Chris Hayes,Rachel Kleinfeld,
All In with Chris Hayes,Michael Steele,
All In with Chris Hayes,Nancy Pelosi,
All In with Chris Hayes,Rachel Maddow,
All In with Chris Hayes,Jon Favreau,
All In with Chris Hayes,Asawin Suebsaeng,
All In with Chris Hayes,Stuart Stevens,
All In with Chris Hayes,Kamala Harris,
All In with Chris Hayes,Adam Serwer,
All In with Chris Hayes,Rachel Simon,
All In with Chris Hayes,Tiffany Champion,
All In with Chris Hayes,Diane Shamis,
All In with Chris Hayes,Tina Cone,
All In with Chris Hayes,Denis Horgan,
All In with Chris Hayes,Olivia Nuzzi,
All In with Chris Hayes,Daniel S. Goldman,
All In with Chris Hayes,Aquilino Gonell,
All In with Chris Hayes,Ryan Reilly,
All In with Chris Hayes,Ben Wikler,
All In with Chris Hayes,Tatishe Nteta,
All In with Chris Hayes,David Jolly,
All In with Chris Hayes,Kristy Greenberg,
All In with Chris Hayes,Adam B. Smith,
All In with Chris Hayes,Ian Bassin,
All In with Chris Hayes,Austin Davis,
All In with Chris Hayes,Richard Blumenthal,
All In with Chris Hayes,Kevin Carroll,
All In with Chris Hayes,Errol Morris,
All In with Chris Hayes,Mike McDonnell,
All In with Chris Hayes,Dr. William Barber,
All In with Chris Hayes,Paul Krugman,
All In with Chris Hayes,Tara Setmayer,
All In with Chris Hayes,Ruben Gallego,
All In with Chris Hayes,Nancy Gertner,
All In with Chris Hayes,Charlie Warzel,
All In with Chris Hayes,Charlie Dent,
All In with Chris Hayes,Ruth Ben-Ghiat,
All In with Chris Hayes,Richard L. Hasen,
All In with Chris Hayes,Jared Huffman,
All In with Chris Hayes,Susan Glasser,
All In with Chris Hayes,Amanda Carpenter,
All In with Chris Hayes,Al Cárdenas,
All In with Chris Hayes,Leah Greenberg,
All In with Chris Hayes,Jasmine Crockett,
All In with Chris Hayes,Shawn Fain,
All In with Chris Hayes,Summer Lee,
All In with Chris Hayes,Chris Van Hollen,
All In with Chris Hayes,Teddy Schleifer,
All In with Chris Hayes,Quentin Fulks,
All In with Chris Hayes,John Lapinski,
All In with Chris Hayes,Franita Tolson,
All In with Chris Hayes,Ayman Mohyeldin,
Deconstructed,Ryan Grim,
Deconstructed,Mehdi Hasan,
Deconstructed,Roger Hodge,
Deconstructed,Laura Flynn,
Deconstructed,Zach Young,
Deconstructed,Guillaume Long,
Deconstructed,Joshua Geltzer,
Deconstructed,Martin Gottesfeld,
Deconstructed,Simone Zimmerman,
Deconstructed,Robert Kahne,
Deconstructed,Tom Steyer,
Deconstructed,Dorothy Brown,
Deconstructed,Pete Buttigieg,
Deconstructed,Richard Ojeda,
Deconstructed,Andrew Yang,
Deconstructed,Bernie Sanders,
Deconstructed,Alexandra Rojas,
Deconstructed,Jazmin Smith,
Deconstructed,Nicole Hemmer,
Deconstructed,Jonathan M. Katz,
Deconstructed,Andrew Perez,
Deconstructed,Yousef Munayyer,
Deconstructed,Candace Valenzuela,
Deconstructed,William Santon,
Deconstructed,Bart Warshaw,
Deconstructed,Lauren Windsor,
Deconstructed,Alice Speri,
The Rachel Maddow Show,MSNBC,
The Rachel Maddow Show,Rachel Maddow,
The Rachel Maddow Show,Steve Benen,
The Rachel Maddow Show,Andrew Weissmann,
The Rachel Maddow Show,Kim Janey,
The Rachel Maddow Show,Claire McCaskill,
The Rachel Maddow Show,Kate Shaw,
The Rachel Maddow Show,Tim Miller,
The Rachel Maddow Show,Nina Khrushcheva,
The Rachel Maddow Show,Ari Naftali Melber,
The Rachel Maddow Show,Lawrence O'Donnell,
The Rachel Maddow Show,John Archibald,
The Rachel Maddow Show,Christopher Krebs,
The Rachel Maddow Show,Aaron Reichlin-Melnick,
The Rachel Maddow Show,Katie Benner,
The Rachel Maddow Show,Pete Buttigieg,
The Rachel Maddow Show,Yulia Navalnaya,
The Rachel Maddow Show,Jen Psaki,
The Rachel Maddow Show,Jonathan Martin,
The Rachel Maddow Show,Ruth Ben-Ghiat,
The Rachel Maddow Show,Tikhon Dzyadko,
The Rachel Maddow Show,Chris Hayes,
The Rachel Maddow Show,Andrea Mitchell,
Morning Joe,MSNBC,
Morning Joe,Willie Geist,
Morning Joe,Mika Brzezinski,
Morning Joe,Joe Scarborough,
Morning Joe,Louis Burgdorf,
Morning Joe,Michael Buczkiewicz,
Morning Joe,Charlie Sykes,
Morning Joe,Bob Woodward,
Morning Joe,Joe Biden,
Morning Joe,Sam Stein,
Morning Joe,Symone Sanders,
Morning Joe,Pete Buttigieg,
Morning Joe,James Stavridis,
Morning Joe,Elise Jordan,
Morning Joe,Mark Leibovich,
Morning Joe,Jake Tapper,
Morning Joe,Richard Haass,
Morning Joe,John Heilemann,
Morning Joe,Mark Murray,
Morning Joe,Al Sharpton,
Morning Joe,Alexandria Ocasio-Cortez,
Morning Joe,Nick Barnicle,
Morning Joe,Dr. Eddie Glaude,
Morning Joe,Vaughn Hillyard,
Morning Joe,Roger Bennett,
Morning Joe,Deanne Criswell,
Morning Joe,Lisa Rubin,
Morning Joe,Jesse Jackson,
Morning Joe,Dylan Douglas,
Morning Joe,Peter Alexander,
Morning Joe,Donny Deutsch,
Morning Joe,Greg Bluestein,
Morning Joe,Steven Rattner,
Morning Joe,Jim Messina,
Morning Joe,Jen O'Malley Dillon,
Morning Joe,David Rothkopf,
Morning Joe,Michael Beschloss,
Morning Joe,Paul Finebaum,
Morning Joe,Jon Meacham,
Morning Joe,Claire McCaskill,
Morning Joe,Katty Kay,
Morning Joe,Mike Barnicle,
Morning Joe,Jonathan Lemire,
Morning Joe,Eugene Robinson,
Morning Joe,Pablo Torre,
Morning Joe,Alex Korson,
Morning Joe,Stephanie Gosk,
Morning Joe,Tom Llamas,
Morning Joe,Jay Gray,
Morning Joe,Michelle Grossman,
Morning Joe,Janis Mackey Frayer,
Morning Joe,Tim Alberta,
Morning Joe,Liz Alpert,
Morning Joe,Julia Ainsley,
Morning Joe,Mark DeRosa,
Morning Joe,Steve Kornacki,
Morning Joe,Kevin Anderson,
Morning Joe,Michael S. Schmidt,
Morning Joe,Jane Castor,
Morning Joe,Colin Barnicle,
The Majority Report,Michael J Brooks ,
The Majority Report,Sam Seder,
The Majority Report,Matt Lech,
The Majority Report,Jamie Peck ,
The Majority Report,Emma Vigeland,
The Majority Report,Matt Stoller,
The Majority Report,Will Sommer,
The Majority Report,Dr. Alicia Puglionesi,
The Majority Report,Adam Jentleson,
The Majority Report,Dr. Leah Torres,
The Majority Report,Deva Woodly,
The Majority Report,Caroline Lucas,
The Majority Report,Greg Casar,
The Majority Report,Donna Murch,
The Majority Report,Anna-Lisa Cox,
The Majority Report,Jules Boykoff,
The Majority Report,Kate Crawford,
The Majority Report,Eyal Press,
The Majority Report,Dr. MarkAlain Dery,
The Majority Report,Kidada Williams,
The Majority Report,Richard Alba,
The Majority Report,Larry Sharpe,
The Majority Report,Benjamin Dixon,
The Majority Report,Gina Dent,
The Majority Report,Paul Sabin,
The Majority Report,David Freedlander,
The Majority Report,Ursula Hackett,
The Majority Report,Abdul El-Sayed,
The Majority Report,Diana Buttu,
The Majority Report,Judy Gold,
The Majority Report,Dan Friesen,
The Majority Report,Mehdi Hasan,
The Majority Report,Heather Parton,
The Majority Report,Jonathan M. Katz,
The Majority Report,Natasha Lennard,
The Majority Report,Kathryn Judge,
The Majority Report,Sarah Jaffe,
The Majority Report,Jonathan Mahler,
The Majority Report,Jaz Brisack,
The Majority Report,Ruth Ben-Ghiat,
The Majority Report,James Russell,
The Majority Report,Jessica Cisneros,
The Majority Report,Joshua Specht,
The Majority Report,Christian Smalls,
The Majority Report,Jefferson Morley,
The Majority Report,Mark Bankston,
The Majority Report,Matt Lieb,
The Majority Report,Joshua Landis,
The Majority Report,Julia Ioffe,
The Majority Report,Meron Rapoport,
The Majority Report,Nikki Usher,
The Majority Report,Jordan Flowers,
The Majority Report,Samuel Stein,
The Majority Report,Saul Seder,
The Majority Report,Alexander Zaitchik,
The Majority Report,Spencer Headworth,
The Majority Report,Ruben Andersson,
The Majority Report,Wilfred Codrington,
The Majority Report,Brendan James,
The Majority Report,Hahrie Han,
The Majority Report,Leslie Kern,
The Majority Report,Kris Manjapra,
The Majority Report,Sarah R. Coleman,
The Majority Report,Dan Bouk,
The Majority Report,Keisha N. Blain,
The Majority Report,Dave Goulson,
The Majority Report,Heath Brown,
The Majority Report,Katherine Blunt,
The Majority Report,Judy Gold,
The Majority Report,Abdul El-Sayed,
The Majority Report,Hasan Piker,
The Majority Report,Sarah Silverman,
The Majority Report,Dan Friesen,
The Majority Report,Mehdi Hasan,
The Majority Report,Natasha Lennard,
The Majority Report,Amanda Montell,
The Majority Report,Ruth Conniff,
The Majority Report,Jess McHugh,
The Majority Report,Nick Turse,
The Majority Report,J. David McSwane,
The Majority Report,Nancy Fraser,
The Majority Report,James Kilgore,
The Majority Report,Jeff Sharlet,
The Majority Report,Erin Reed,
The Majority Report,Devon Carbado,
The Majority Report,Olayemi Olurin,
The Majority Report,Barbara Freese,
The Majority Report,Natalie Shure,
The Majority Report,Rachel Greenwald Smith,
The Majority Report,Donald Cohen,
The Majority Report,Dave Zirin,
The Majority Report,Matt Duss,
The Majority Report,Gerald Horne,
The Majority Report,Nicole Hemmer,
The Majority Report,Anne Nelson,
The Majority Report,Brendan James,
The Majority Report,Jordan Flowers,
The Majority Report,Nikki Usher,
The Majority Report,Samuel Stein,
The Majority Report,Saul Seder,
The Majority Report,Elizabeth Popp Berman,
The Majority Report,Dr. Sara Nur Yildiz,
The Majority Report,Fae Weichsel,
The Majority Report,Naomi Oreskes,
The Majority Report,Andy Kroll,
The Majority Report,Ken Klippenstein,
The Majority Report,Dr. Elinor Cleghorn,
The Majority Report,Jessica Preheim,
The Majority Report,Elie Mystal,
The Majority Report,Aamon Hawk,
The Majority Report,Clara Mattei,
The Majority Report,Anna Della Subin,
The Majority Report,Aviva Chomsky,
The Majority Report,Daisy Pitkin,
The Majority Report,Randall Eliason,
The Majority Report,Spencer Ackerman,
The Majority Report,William Darity,
The Majority Report,Rafia Zakaria,
The Majority Report,Daniel Nichanian,
The Majority Report,Jefferson Cowie,
The Majority Report,Ross Barkan,
The Majority Report,Dr. Kellie Jackson,
The Majority Report,Vali Nasr,
The Majority Report,Jonathan Guyer,
The Majority Report,Michael Albert,
The Majority Report,Dr. Will Stronge,
The Majority Report,Jon Marshall,
The Majority Report,Rebecca Galemba,
The Majority Report,Jane McAlevey,
The Majority Report,Vivek Chibber,
The Majority Report,David Feldman,
The Majority Report,Matthew Cole,
The Majority Report,Danielle Lindemann,
The Majority Report,Heather Berg,
The Majority Report,Francesca Fiorentini,
The Majority Report,Jeet Heer,
The Majority Report,John Hodgman,
The Majority Report,Richard D. Wolff,
The Majority Report,Masha Gessen,
The Majority Report,Daniel Ellsberg,
The Majority Report,Adam Johnson,
The Majority Report,Claudia Goldin,
The Majority Report,Quinn Slobodian,
The Majority Report,Herschel Walker,
The Majority Report,Sean Illing,
The Majority Report,Ilan Pappé,
The Majority Report,Sarah Jones,
The Majority Report,Matthew T. Huber,
The Majority Report,Stylianos Karolidis,
The Majority Report,Astra Taylor,
The Majority Report,Heather Digby,
The Majority Report,James Austin Johnson,
The Majority Report,Rupa Marya,
The Majority Report,Kerry Howley,
The Majority Report,Alex Hochuli,
The Majority Report,Max Chafkin,
The Majority Report,Dorothy Brown,
The Majority Report,Ian Millhiser,
The Majority Report,Jon Grinspan,
The Majority Report,Kate Aronoff,
The Majority Report,Will Bunch,
The Majority Report,Christopher Leonard,
The Majority Report,David Griscom,
The Majority Report,Andrew Callaghan,
The Majority Report,Anthony Jack,
The Majority Report,Ryan Cooper,
The Majority Report,Rebecca Galemba,
The Majority Report,Barry Eidlin,
The Majority Report,Natalia Mehlman Petrzela,
The Majority Report,Elizabeth Hinton,
The Majority Report,Elizabeth Tandy Shermer,
The Majority Report,Heather Berg,
The Majority Report,Caleb Cain,
The Majority Report,Stephen Wertheim,
The Majority Report,Adrian Hon,
The Majority Report,Jamie Ducharme,
The Majority Report,Mark Joseph Stern,
The Majority Report,Dave Weigel,
The Majority Report,Rachel Cohen,
The Majority Report,Vanessa Williamson,
The Majority Report,Rosa Brooks,
The Majority Report,Alexandra Brodsky,
The Majority Report,Alex Hochuli,
The Majority Report,Ussama Makdisi,
The Majority Report,Jason Myles,
The Majority Report,Ian Millhiser,
The Majority Report,Max Chafkin,
The Majority Report,Matt Binder,
The Majority Report,Sharon Lerner,
The Majority Report,Dr. Steven Thrasher,
The Majority Report,Malaika Jabali,
The Majority Report,Joanna Schwartz,
The Majority Report,Alan Minsky,
The Majority Report,Jonah Furman,
The Majority Report,David W. Blight,
The Majority Report,Jack Crosbie,
The Majority Report,Heather Digby,
The Majority Report,Heather McGhee,
The Majority Report,Jon Grinspan,
The Majority Report,James Austin Johnson,
The Majority Report,Alexandra Natapoff,
The Majority Report,Edwin Raymond,
The Majority Report,Mike Duncan,
The Majority Report,Jayar Jackson,
The Majority Report,Blake Emerson,
The Majority Report,Alex Speidel,
The Majority Report,Kyla Schuller,
The Majority Report,Luke Savage,
The Majority Report,Anthea Butler,
The Majority Report,Laleh Khalili,
The Majority Report,Alex de Waal,
The Majority Report,Mark Joseph Stern,
The Majority Report,Ryan Grim,
The Majority Report,Bill McKibben,
The Majority Report,Andy Kindler,
The Majority Report,Andrew Delbanco,
The Majority Report,Troy Vettese,
The Majority Report,Dan Bessner,
The Majority Report,Brian Merchant,
The Majority Report,Rachel Cohen,
The Majority Report,Dave Weigel,
The Majority Report,Michael Bronski,
The Majority Report,Julia Rock,
The Majority Report,John Huntington,
The Majority Report,Vanessa Williamson,
The Majority Report,Tim Heidecker,
The Majority Report,Sam Quinones,
The Majority Report,Ben Burgis,
The Majority Report,Naomi Klein,
The Majority Report,Aaron Kleinman,
The Majority Report,Osita Nwenavu,
The Majority Report,Jonathan Levy,
The Majority Report,Jayar Jackson,
The Majority Report,Hamza Syed,
The Majority Report,Dr. Khiara Bridges,
The Majority Report,Cas Mudde,
The Majority Report,Paul M. Renfro,
The Majority Report,Brian Hochman,
The Majority Report,Adam Hilton,
The Majority Report,Tony Messenger,
The Majority Report,Kyla Schuller,
The Majority Report,Alex de Waal,
The Majority Report,Edwin Raymond,
The Majority Report,Alexandra Natapoff,
The Majority Report,Nick Estes,
The Majority Report,Ben Gleib,
The Majority Report,Annelle Sheline,
The Majority Report,Tom Zoellner,
The Majority Report,Luke Goldstein,
The Majority Report,Dr. Uché Blackstock,
The Majority Report,Suzanne Nossel,
The Majority Report,Annie Lowrey,
The Majority Report,Maureen Tkacik,
The Majority Report,Pascal Robert,
The Majority Report,Douglas Rushkoff,
The Majority Report,Amanda Seales,
The Majority Report,H. Jon Benjamin,
The Majority Report,Aziz Rana,
The Majority Report,Alex Sammon,
The Majority Report,Perry Bacon,
The Majority Report,Suzanne Schneider,
The Majority Report,Lowell Peterson,
The Majority Report,Carol Leonnig,
The Majority Report,Samuel Moyn,
The Majority Report,Moustafa Bayoumi,
The Majority Report,Elizabeth Samet,
The Majority Report,India Walton,
The Majority Report,Lily Geismer,
The Majority Report,Ann Neumann,
The Majority Report,Matthew Stewart,
The Majority Report,Jena Friedman,
The Majority Report,Alex Press,
The Majority Report,Henry Grabar,
The Majority Report,Alissa Quart ,
The Majority Report,Peter Shamshiri,
The Majority Report,Murtaza Hussain,
The Majority Report,Leah Litman,
The Majority Report,William A. Darity,
The Majority Report,Ada Ferrer,
The Majority Report,Amanda Terkel,
The Majority Report,Pat Garofalo,
The Majority Report,Bhairavi Desai,
The Majority Report,Travis Dixon,
The Majority Report,Beatrice Adler-Bolton,
The Majority Report,Helena Bottemiller Evich,
The Majority Report,Travis Lupick,
The Majority Report,Dr. Marcia Chatelain,
The Majority Report,Trita Parsi,
The Majority Report,David Rees,
The Majority Report,Kyle T. Mays,
The Majority Report,Jon N. Hale,
The Majority Report,David Wengrow,
The Majority Report,William A. Blair,
The Majority Report,Walt Bogdanich,
The Majority Report,Daniel Squadron,
The Majority Report,Kimberly Varnon,
The Majority Report,James North,
The Majority Report,Bartow Elmore,
The Majority Report,Eugene Puryear,
The Majority Report,Tony Delorio,
The Majority Report,Karen Hao,
The Majority Report,Derek Davison,
The Majority Report,Jeremy Gilbert,
The Majority Report,Andrew Seidel,
The Majority Report,Sheryll Cashin,
The Majority Report,Garrison Lovely,
The Majority Report,Sean McElwee,
The Majority Report,Joe Margulies,
The Majority Report,Jordan Holmes,
The Majority Report,Eviane Leidig,
The Majority Report,Oliver Bullough,
The Majority Report,Dylan Penningroth,
The Majority Report,Ari Rabin Havt,
The Majority Report,Akela Lacy,
The Majority Report,Peter Robison,
The Majority Report,Andrew Ross,
The Majority Report,Jamie Edwards,
The Majority Report,Zachary Carter,
The Majority Report,Tim Jackson,
The Majority Report,Kelly Weill,
The Majority Report,Jonathan Daniel Wells,
The Majority Report,Benjamin T. Smith,
The Majority Report,Karen L. Cox,
The Majority Report,Brenda Wineapple,
The Majority Report,Patrick Radden Keefe,
The Majority Report,Canyon Woodward,
The Majority Report,Sumathy Kumar,
The Majority Report,Daniel Melo,
The Majority Report,Dean Spade,
The Majority Report,David Roth,
The Majority Report,Emily Tamkin,
The Majority Report,Louis Hyman,
The Majority Report,Jorge Rocha,
The Majority Report,David Vine,
The Majority Report,Treva Lindsey,
The Majority Report,Rupert Russell,
The Majority Report,Sam Mellins,
The Majority Report,Roxanne Dunbar-Ortiz,
The Majority Report,Jordan Holmes,
The Majority Report,Ari Berman ,
The Majority Report,Tim Higgins,
The Majority Report,Jessie Singer,
The Majority Report,Dale Kretz,
The Majority Report,Michael German,
The Majority Report,Richard Kahlenberg,
The Majority Report,Harold Meyerson,
The Majority Report,John Nichols,
The Majority Report,Andrew Seidel,
The Majority Report,Alexandra Hunt,
The Majority Report,Karen Hao,
The Majority Report,Karen Levy,
The Majority Report,Emily Flitter,
The Majority Report,John Schuessler,
The Majority Report,Danielle Carr,
The Majority Report,David Cross,
The Majority Report,David Roth,
The Majority Report,Amjad Iraqi,
The Majority Report,Michelle Eisen,
The Majority Report,David Treuer,
The Majority Report,Katharina Pistor,
The Majority Report,Drew Pendergrass,
The Majority Report,Louis Hyman,
The Majority Report,Jorge Rocha,
The Majority Report,David Vine,
The Majority Report,Rupert Russell,
The Majority Report,Treva Lindsey,
The Majority Report,William Neuman,
The Majority Report,Matthew Cortland,
The Majority Report,Louis Rossmann,
The Majority Report,Amanda Lewis,
The Majority Report,Daniel Immerwahr,
The Majority Report,Paris Marx,
The Majority Report,Rogé Karma,
The Majority Report,Alex Pareene,
The Majority Report,Sarah Seo,
The Majority Report,Jarod Facundo,
The Majority Report,Adam Tooze,
The Majority Report,Gary Gerstle,
The Majority Report,Ilhan Omar,
The Majority Report,Rick Perlstein,
The Majority Report,Malcolm Harris,
The Majority Report,Melissa Gira Grant,
The Majority Report,Jake Flores,
The Majority Report,Adam Hochschild,
The Majority Report,Orville Burton,
The Majority Report,Summer Lee,
The Majority Report,Christopher W. Shaw,
The Majority Report,Raina Lipsitz,
The Majority Report,Leah Stokes,
The Majority Report,Matt Christman,
The Majority Report,Randi Weingarten,
The Majority Report,Tim Shorrock,
The Majority Report,Daniel Laurison,
The Majority Report,Blair L.M. Kelley,
The Majority Report,Paul Johnson,
The Majority Report,Ingrid Robeyns,
The Majority Report,Mike Konczal,
The Majority Report,Olufemi O. Taiwo,
The Majority Report,Haggai Matar,
The Majority Report,Ashley Dawson,
The Majority Report,Eric Rauchway,
The Majority Report,Michael Brenes,
The Majority Report,Margaret MacMillan,
The Majority Report,Bruce Schneier,
The Majority Report,Adam Conover,
The Majority Report,William E. Forbath,
The Majority Report,Sara Matthiesen,
The Majority Report,Rana Abdelhamid,
The Majority Report,Nomiki Konst,
The Majority Report,Ben Terris,
The Majority Report,Asad Haider,
The Majority Report,Timothy Faust,
The Majority Report,Dorothy Roberts,
The Majority Report,Rashid Khalidi,
The Majority Report,Noah Kulwin,
The Majority Report,Jamelle Bouie,
The Majority Report,Robin Kelley,
The Majority Report,Trevor Aaronson,
The Majority Report,Timothy Jost,
The Majority Report,Sanford M. Jacoby,
The Majority Report,Katherine Todrys,
The Majority Report,Alexander Keyssar,
The Majority Report,David Pepper,
The Majority Report,Alleen Brown,
The Majority Report,Martin Sherwin,
The Majority Report,Joseph Fishkin,
The Majority Report,Donald Yacovone,
The Majority Report,Chloe Maxmin,
The Majority Report,Gary Orfield,
The Majority Report,Stephen Vladeck,
The Majority Report,Jacob Silverman,
The Majority Report,David Wessel,
The Majority Report,David Graeber,
The Majority Report,James Risen,
The Majority Report,Timothy Shenk,
The Majority Report,David Sirota,
The Majority Report,Yanis Varoufakis,
The Majority Report,Peniel Joseph,
The Majority Report,Ben Tarnoff,
The Majority Report,Kim Kelly,
The Majority Report,Victoria Bassetti,
The Majority Report,Zhandarka Kurti,
The Majority Report,Russ Feingold,
The Majority Report,Brian Mier,
The Majority Report,Carl Lindskoog,
The Majority Report,Matt Ford,
The Majority Report,Dr. Nicholas Kardaras,
The Majority Report,Jeff Hauser,
The Majority Report,Edward Miller,
The Majority Report,Dr. Manisha Sinha,
The Majority Report,Dr. Ibrahim Al-Marashi,
The Majority Report,Nick Seabrook,
The Majority Report,Kari Lydersen,
The Majority Report,James Tabery,
The Majority Report,Jacob Sugarman,
The Majority Report,Laura Katz Olson,
The Majority Report,Jarrod Shanahan,
The Majority Report,Van Jackson,
The Majority Report,Kimberly St. Julian-Varnon,
The Majority Report,Ahsan I. Butt,
The Majority Report,Sarah Moran,
The Majority Report,Marian Schlotterbeck,
The Majority Report,Rosie Collington,
The Majority Report,Dr. Anastasia Curwood,
The Majority Report,Sarah Brayne,
The Majority Report,Catherine Liu,
The Majority Report,T.J. Kitchen,
The Majority Report,Bethany Kosmicki,
The Majority Report,Dominique Remy,
The Majority Report,Kaniela Ing,
The Majority Report,Orisanmi Burton,
The Majority Report,Ryan Gabrielson,
The Majority Report,Jake Johnston,
The Majority Report,Cole James Cash,
The Majority Report,Sarah Miller,
The Majority Report,Dr. Titi Afolabi,
The Majority Report,Daniel Canon,
The Majority Report,John Abramson,
The Majority Report,Raymond Jackson,
The Majority Report,Matthew Soules,
The Majority Report,Alec Karakatsanis,
The Majority Report,Dr. Bradley Onishi,
The Majority Report,Dr. Melvin Rogers,
The Majority Report,Neil Vallelly,
The Majority Report,Ganesh Sitaraman,
The Majority Report,Kina Collins,
The Majority Report,Shon Faye,
The Majority Report,Justin Driver,
The Majority Report,Carlos Rodriguez,
The Majority Report,Seth Harp,
The Majority Report,Katya Schwenk,
The Majority Report,Hasan Ali,
The Majority Report,Destin Jenkins,
The Majority Report,Amane Badhasso,
The Majority Report,Corban Addison,
The Majority Report,Premilla Nadasen,
The Majority Report,Nsombi Lambright,
The Majority Report,Murray Cox,
The Majority Report,Imani Perry,
The Majority Report,Lupe Rodriguez,
The Majority Report,Camille Gix,
The Majority Report,Adam Green,
The Majority Report,Teresa Ghilarducci,
The Majority Report,Daniel Medwed,
The Majority Report,Kate Wagner,
The Majority Report,Ed Burmila,
The Majority Report,Claudio Saunt,
The Majority Report,Azad Essa,
The Majority Report,Shaan Sharma,
The Majority Report,Jacob Grumbach,
The Majority Report,Nick Weiner,
The Majority Report,Yuh-Line Niou,
The Majority Report,Aaron Habrack,
The Majority Report,Edwin F. Ackerman,
The Majority Report,Lauren Kirchner,
The Majority Report,Sophia Moccio,
The Majority Report,Alexandra Scaggs,
The Majority Report,Mark Beissinger,
The Majority Report,Jillian C. York,
The Majority Report,Harvey J. Kaye,
The Majority Report,Jake Werner,
The Majority Report,Sarah Miller,
The Majority Report,Leo Schwartz,
The Majority Report,Zachary A. Siegel,
The Majority Report,Steve Paxton,
The Majority Report,Hannah Rae Armstrong,
The Majority Report,Sarah Lamdan,
The Majority Report,Jonathan Graubart,
The Majority Report,Robert Jones,
The Majority Report,Daniel Finn,
The Majority Report,Micha Frazer-Carroll,
The Majority Report,Raymond Craib,
The Majority Report,John Bartlett,
The Majority Report,Robert Kuttner,
The Majority Report,Jon Shelton,
The Majority Report,Michael J. Sandel,
The Majority Report,Dr. Peter Hotez,
The Majority Report,Chill Goblin,
The Majority Report,Amanda Bock,
The Majority Report,Chris Pomorski,
The Majority Report,Indi Dutta-Gupta,
The Majority Report,Andy Campbell,
The Majority Report,Dr. Robert Greene,
The Majority Report,Lauren Ornelas,